algorithm,mean,std
MAPPO,109.99803030303029,4.895975486835
Q-MAPPO (Ours),110.09527777777777,8.095439455533803
